token_count,word_count,char_count,sentence_count,avg_word_length,avg_sentence_length,question_mark_count,has_url,has_code_block,flesch_kincaid_grade,unique_word_ratio,noun_ratio,verb_ratio,adj_ratio,adv_ratio,propn_ratio,entity_count,has_money_ent,has_person_ent,has_org_ent,has_date_ent,has_law_ent,has_product_ent,task_translation,task_analysis,task_creative_writing,task_question_answering,task_debugging,task_summarization,task_code_writing,task_mathematics,domain_technology,domain_science,domain_legal,domain_education,domain_medical,domain_finance,optimal_model
15,12,69,1,4.58,12.0,0,0,0,5.806666666666668,0.917,0.133,0.133,0.2,0.0,0.067,1,0,0,0,0,0,0,0.9968,0.7041,0.3935,0.3488,0.038,0.008,0.0064,0.0001,0.89,0.5643,0.1487,0.1048,0.0061,0.0005,gemini-flash
19,15,84,1,4.6,15.0,0,0,0,6.780000000000001,0.933,0.312,0.062,0.125,0.0,0.062,1,0,0,0,0,0,0,0.0123,0.9963,0.0847,0.0343,0.0004,0.9995,0.0017,0.0001,0.0001,0.9971,0.002,0.0002,0.0001,0.0001,gpt-4o
15,11,69,1,5.27,11.0,0,0,0,8.009090909090911,1.0,0.333,0.083,0.167,0.0,0.0,0,0,0,0,0,0,0,0.0119,0.214,0.0009,0.5985,0.0004,0.0006,0.0001,0.0005,0.9794,0.992,0.0141,0.8589,0.0008,0.0002,gpt-4o
14,12,78,1,5.5,12.0,0,0,1,11.706666666666667,1.0,0.231,0.231,0.0,0.0,0.231,0,0,0,0,0,0,0,0.0053,0.5819,0.1463,0.0042,0.6759,0.0006,0.9987,0.9974,0.2621,0.8709,0.2355,0.0085,0.2227,0.9503,gemini-flash
36,24,129,1,4.0,24.0,0,0,0,9.910000000000004,0.833,0.176,0.059,0.029,0.0,0.206,3,0,0,0,0,0,0,0.0004,0.0187,0.0001,0.0005,0.9985,0.0004,0.0848,0.0009,0.168,0.0005,0.0002,0.0001,0.0002,0.1208,gemini-flash
36,18,106,1,4.17,18.0,1,0,0,7.163333333333334,0.667,0.125,0.031,0.0,0.0,0.094,0,0,0,0,0,0,0,0.0252,0.1978,0.0002,0.9979,0.0243,0.0215,0.0007,0.0402,0.0319,0.0003,0.0001,0.0011,0.0006,0.022,gpt-4o
20,17,92,1,4.35,17.0,0,0,0,9.781176470588235,0.882,0.263,0.105,0.158,0.0,0.0,0,0,0,0,0,0,0,0.0015,0.0152,0.9995,0.0903,0.0007,0.5952,0.0011,0.0001,0.9992,0.9994,0.2181,0.0082,0.0006,0.0001,gpt-4o
28,23,149,1,5.3,23.0,0,0,0,14.414782608695656,0.913,0.214,0.107,0.071,0.036,0.0,1,0,0,0,1,0,0,0.0003,0.999,0.0,0.0012,0.005,0.9968,0.0002,0.0001,0.0908,0.0001,0.0003,0.0016,0.0622,0.073,gemini-flash
7,6,30,1,4.0,6.0,1,0,0,2.4833333333333343,1.0,0.143,0.0,0.0,0.0,0.143,1,0,0,0,0,0,0,0.0037,0.1524,0.0032,0.997,0.0006,0.2509,0.0006,0.0013,0.0014,0.0014,0.0813,0.0023,0.0008,0.1299,o3-mini
15,14,80,1,4.71,14.0,0,0,0,7.570000000000004,0.929,0.267,0.067,0.133,0.0,0.0,1,0,0,0,0,0,0,0.0021,0.0305,0.0001,0.0223,0.0001,0.0516,0.0001,0.0001,0.0001,0.0817,0.0005,0.0001,0.9293,0.0001,gemini-flash
26,20,115,1,4.75,20.0,0,0,0,12.314736842105265,0.95,0.318,0.091,0.0,0.045,0.0,4,1,0,0,1,0,0,0.0163,0.4013,0.0126,0.3901,0.0002,0.0003,0.0004,0.9423,0.0136,0.7016,0.2563,0.6262,0.0009,0.9154,gpt-4o
53,41,278,1,5.56,41.0,0,0,0,21.545000000000005,0.878,0.25,0.096,0.096,0.0,0.019,1,0,0,0,0,0,0,0.9968,0.0385,0.0,0.0341,0.0005,0.1867,0.3334,0.0007,0.0139,0.0002,0.6636,0.0112,0.0019,0.1558,gpt-4o
24,16,95,1,4.81,16.0,0,0,0,5.230000000000004,1.0,0.263,0.053,0.053,0.0,0.211,3,0,0,1,0,1,0,0.0005,0.9956,0.0082,0.0062,0.0001,0.9994,0.0007,0.0001,0.0001,0.0001,0.5112,0.0002,0.0001,0.0001,gpt-4o
29,25,160,1,5.32,25.0,0,0,0,15.400000000000002,0.88,0.286,0.107,0.143,0.036,0.0,1,0,0,0,0,0,0,0.0007,0.8985,0.0001,0.0835,0.0003,0.0075,0.0002,0.6918,0.0002,0.1212,0.0525,0.9579,0.0001,0.0001,gpt-4o
22,17,100,1,4.82,17.0,0,0,0,10.47529411764706,0.941,0.316,0.158,0.158,0.0,0.0,1,0,0,0,0,0,0,0.0001,0.0492,0.0005,0.46,0.0,0.0146,0.0017,0.9983,0.0004,0.0007,0.0401,0.9571,0.0002,0.0159,gpt-4o
17,14,87,1,5.21,14.0,0,0,0,8.541538461538462,1.0,0.375,0.062,0.188,0.0,0.0,0,0,0,0,0,0,0,0.0003,0.041,0.9568,0.0003,0.0001,0.0011,0.0014,0.0,0.0008,0.1058,0.0002,0.0001,0.0001,0.0,gemini-flash
18,17,91,1,4.35,17.0,1,0,0,10.47529411764706,0.941,0.222,0.111,0.056,0.0,0.056,1,0,0,0,0,0,1,0.0391,0.7437,0.0248,0.9809,0.6324,0.146,0.6944,0.0495,0.3665,0.076,0.1459,0.0318,0.0262,0.0858,gemini-flash
33,26,139,1,4.23,26.0,0,0,0,12.568000000000001,0.923,0.161,0.097,0.129,0.0,0.0,1,0,0,0,0,0,0,0.0002,0.2232,0.0,0.001,0.0001,0.001,0.3673,0.0001,0.0001,0.0002,0.0009,0.0001,0.3036,0.0044,gpt-4o
36,28,174,1,5.04,28.0,0,0,0,13.984000000000002,0.821,0.143,0.057,0.057,0.029,0.114,1,0,0,1,0,0,0,0.0004,0.7225,0.0067,0.0007,0.0086,0.0011,0.0635,0.0001,0.0127,0.0001,0.0403,0.0001,0.0002,0.0065,gemini-flash
12,11,72,1,5.55,11.0,1,0,0,11.22727272727273,1.0,0.25,0.083,0.083,0.0,0.083,1,0,0,1,0,0,0,0.0003,0.0037,0.0,0.993,0.1007,0.0004,0.0002,0.0002,0.9905,0.9212,0.0079,0.0001,0.8722,0.0001,o3-mini
19,12,68,1,4.58,12.0,0,0,0,4.790909090909089,1.0,0.133,0.067,0.067,0.0,0.133,3,0,1,0,0,0,0,0.0003,0.9993,0.0015,0.0029,0.0002,0.9996,0.0003,0.0,0.0,0.0,0.0636,0.0002,0.0001,0.0,gemini-flash
20,15,106,1,5.93,15.0,0,0,0,13.073333333333338,1.0,0.333,0.111,0.111,0.0,0.0,0,0,0,0,0,0,0,0.0008,0.0634,0.0001,0.8015,0.0003,0.0022,0.0001,0.0034,0.3264,0.986,0.0381,0.9855,0.0002,0.0001,gemini-flash
13,12,87,1,6.25,12.0,0,0,0,13.673333333333336,1.0,0.308,0.077,0.231,0.0,0.0,0,0,0,0,0,0,0,0.0001,0.0682,0.0,0.0007,0.0002,0.0007,0.0006,0.0001,0.857,0.0001,0.0009,0.0002,0.0001,0.0002,o3-mini
23,17,99,2,4.65,8.5,1,0,0,9.781176470588235,1.0,0.143,0.19,0.048,0.0,0.143,1,0,0,1,0,0,0,0.0099,0.6805,0.0178,0.5169,0.3244,0.0007,0.9646,0.828,0.319,0.7881,0.1288,0.0211,0.005,0.0318,o3-mini
14,13,88,1,5.77,13.0,0,0,0,9.44923076923077,1.0,0.214,0.143,0.143,0.0,0.143,2,0,0,0,0,0,0,0.9965,0.8953,0.0009,0.2243,0.0035,0.6715,0.0122,0.0001,0.0001,0.0001,0.155,0.0003,0.0001,0.8643,o3-mini
15,12,69,1,4.58,12.0,0,0,0,5.806666666666668,0.917,0.133,0.133,0.2,0.0,0.067,1,0,0,0,0,0,0,0.9929,0.7924,0.3551,0.3947,0.0797,0.0487,0.0468,0.0001,0.8658,0.6403,0.0809,0.1289,0.0256,0.0016,gemini-flash
29,22,143,1,5.45,22.0,0,0,0,15.638095238095236,0.909,0.24,0.12,0.24,0.0,0.04,1,0,1,0,0,0,0,0.0003,0.9976,0.0008,0.0173,0.0001,0.9995,0.0006,0.0001,0.9725,0.9947,0.7121,0.0031,0.6701,0.0001,gpt-4o
11,10,45,1,3.5,10.0,1,0,0,1.2900000000000027,0.9,0.182,0.091,0.091,0.0,0.0,1,0,0,0,0,0,0,0.0047,0.1053,0.0004,0.9962,0.0001,0.0273,0.0002,0.0002,0.3267,0.9765,0.0442,0.0146,0.0005,0.0003,o3-mini
15,14,75,1,4.36,14.0,0,0,1,5.041428571428572,0.929,0.267,0.2,0.0,0.0,0.067,0,0,0,0,0,0,0,0.001,0.5004,0.2516,0.1131,0.1883,0.9951,0.9986,0.9542,0.2692,0.684,0.2181,0.0219,0.0041,0.7817,gemini-flash
67,48,311,2,5.0,24.0,1,0,1,11.130232558139536,0.75,0.203,0.108,0.027,0.0,0.041,4,0,1,1,0,0,0,0.0004,0.2461,0.0,0.0009,0.7148,0.0005,0.4891,0.0001,0.6289,0.001,0.0107,0.0007,0.0204,0.0274,gpt-4o
24,18,89,2,3.78,9.0,1,0,0,2.9977777777777774,0.667,0.273,0.091,0.0,0.0,0.0,0,0,0,0,0,0,0,0.0506,0.5845,0.0404,0.9979,0.0007,0.7562,0.0009,0.2104,0.0002,0.9365,0.1005,0.7621,0.058,0.0144,o3-mini
9,7,40,1,4.71,7.0,0,0,0,3.997142857142858,1.0,0.375,0.125,0.125,0.0,0.0,0,0,0,0,0,0,0,0.0021,0.0016,0.9996,0.0304,0.0006,0.0114,0.0005,0.0001,0.0002,0.001,0.0153,0.0009,0.0009,0.0001,gemini-flash
31,23,125,1,4.39,23.0,0,0,0,6.851521739130437,0.87,0.28,0.04,0.08,0.0,0.12,3,0,0,1,1,0,0,0.0002,0.9984,0.0001,0.084,0.0001,0.73,0.0165,0.3255,0.0002,0.0421,0.0833,0.0003,0.0001,0.9069,gpt-4o
15,8,61,1,6.38,8.0,0,0,0,11.130000000000003,1.0,0.182,0.091,0.182,0.0,0.091,1,0,0,0,0,0,0,0.9967,0.0038,0.0001,0.0166,0.0012,0.3416,0.0008,0.0001,0.0184,0.0051,0.092,0.0002,0.5628,0.0001,gemini-flash
22,16,114,1,6.06,16.0,0,0,0,11.867500000000003,0.938,0.222,0.222,0.056,0.0,0.111,1,0,0,0,0,1,0,0.0004,0.9981,0.0002,0.0054,0.0001,0.9994,0.2132,0.0001,0.0006,0.0016,0.6682,0.0004,0.0022,0.0001,gpt-4o
8,7,38,1,4.43,7.0,1,0,0,5.682857142857145,1.0,0.25,0.0,0.125,0.0,0.0,0,0,0,0,0,0,0,0.0025,0.4249,0.0006,0.9926,0.0194,0.0014,0.0014,0.0002,0.0004,0.9725,0.0018,0.0002,0.0004,0.0002,o3-mini
13,11,66,1,5.0,11.0,0,0,0,10.154545454545456,0.909,0.333,0.25,0.0,0.083,0.0,1,0,0,1,0,0,0,0.0006,0.1485,0.256,0.001,0.0323,0.0044,0.1325,0.0001,0.528,0.0003,0.1637,0.0065,0.0013,0.0111,gemini-flash
96,59,385,5,4.66,11.8,1,0,0,9.556603773584907,0.746,0.204,0.097,0.032,0.022,0.075,5,0,1,0,0,0,0,0.0019,0.138,0.0002,0.0028,0.7819,0.0007,0.7913,0.0013,0.3804,0.0026,0.001,0.0004,0.0031,0.0088,gpt-4o
26,23,115,1,3.91,23.0,1,0,0,8.25826086956522,0.696,0.192,0.038,0.038,0.038,0.0,0,0,0,0,0,0,0,0.2629,0.6443,0.0588,0.9883,0.0521,0.8929,0.0805,0.8214,0.0283,0.0582,0.339,0.0327,0.0012,0.0142,gemini-flash
26,24,144,1,5.0,24.0,0,0,0,12.362608695652174,0.917,0.346,0.154,0.115,0.0,0.0,0,0,0,0,0,0,0,0.0005,0.0011,0.9989,0.0043,0.0015,0.0031,0.0009,0.0001,0.9995,0.4238,0.0092,0.9761,0.0002,0.0001,gpt-4o
21,15,99,1,5.27,15.0,1,0,0,9.92666666666667,0.933,0.238,0.095,0.048,0.048,0.0,1,0,0,0,0,0,0,0.0185,0.0973,0.0,0.9945,0.0007,0.0042,0.0003,0.0002,0.0069,0.0664,0.0199,0.0136,0.6533,0.0005,gemini-flash
24,16,113,1,5.88,16.0,0,0,0,10.392500000000002,0.875,0.2,0.1,0.2,0.0,0.05,1,0,0,0,0,0,0,0.0012,0.1726,0.0,0.2317,0.0,0.0003,0.0007,0.0,0.0001,0.0001,0.4666,0.0698,0.0001,0.0001,gpt-4o
12,7,39,1,4.29,7.0,1,0,0,0.6257142857142846,1.0,0.0,0.1,0.0,0.0,0.3,2,0,0,0,0,0,0,0.0147,0.123,0.0097,0.9778,0.0013,0.0593,0.0012,0.0008,0.0508,0.0259,0.0166,0.0064,0.6612,0.0024,o3-mini
25,20,120,1,4.9,20.0,0,0,0,9.910000000000004,0.9,0.217,0.087,0.087,0.0,0.043,1,0,0,1,0,0,0,0.0002,0.9279,0.0001,0.0003,0.1496,0.0001,0.9982,0.004,0.1245,0.0001,0.1964,0.0001,0.0028,0.4298,gemini-flash
22,17,110,1,5.47,17.0,0,0,0,16.462500000000002,0.882,0.316,0.053,0.158,0.0,0.0,1,0,0,0,0,0,0,0.0034,0.2055,0.008,0.0506,0.0009,0.994,0.0007,0.0005,0.8479,0.9912,0.0004,0.7184,0.0003,0.0001,gpt-4o
27,24,152,1,5.29,24.0,1,0,0,15.403333333333332,0.875,0.231,0.154,0.115,0.0,0.0,0,0,0,0,0,0,0,0.0996,0.4123,0.0001,0.9903,0.0001,0.0547,0.0001,0.0044,0.043,0.9511,0.0121,0.0002,0.4463,0.0023,o3-mini
45,34,161,3,3.68,11.33,1,0,0,4.862758620689654,0.794,0.119,0.095,0.071,0.0,0.0,5,0,0,1,1,0,0,0.0036,0.5356,0.0005,0.2083,0.0589,0.0211,0.0014,0.8446,0.145,0.1229,0.0114,0.1383,0.067,0.1428,gemini-flash
21,19,131,1,5.84,19.0,0,0,0,16.04105263157895,0.895,0.429,0.095,0.095,0.0,0.0,0,0,0,0,0,0,0,0.0002,0.6495,0.9987,0.3393,0.0007,0.5992,0.0992,0.0,0.0002,0.0001,0.0468,0.0001,0.0001,0.0,gpt-4o
34,28,182,1,5.46,28.0,0,0,0,18.603846153846153,0.964,0.25,0.062,0.188,0.031,0.0,0,0,0,0,0,0,0,0.1548,0.9721,0.0,0.9689,0.0003,0.0175,0.001,0.0151,0.211,0.9616,0.0778,0.0333,0.859,0.0006,gemini-flash
35,29,201,2,5.86,14.5,0,0,0,14.478793103448279,0.897,0.219,0.156,0.125,0.0,0.0,1,0,0,0,1,0,0,0.0134,0.7182,0.2496,0.2506,0.0001,0.425,0.0008,0.0033,0.0251,0.0001,0.0856,0.0001,0.0,0.7028,gpt-4o
11,7,45,1,4.86,7.0,1,0,0,5.682857142857145,1.0,0.0,0.083,0.0,0.0,0.083,2,0,0,1,0,0,0,0.9959,0.3254,0.001,0.9837,0.065,0.0055,0.0002,0.0001,0.2145,0.0112,0.0047,0.0966,0.0034,0.0158,gemini-flash
17,10,58,1,4.7,10.0,0,0,0,4.964444444444446,1.0,0.154,0.077,0.0,0.0,0.154,3,0,1,0,0,0,0,0.0006,0.9993,0.0035,0.0136,0.0003,0.9996,0.0005,0.0001,0.0001,0.0001,0.0509,0.0004,0.0001,0.0,gemini-flash
8,7,38,1,4.43,7.0,1,0,0,7.368571428571428,1.0,0.25,0.0,0.0,0.0,0.125,1,0,0,0,0,0,0,0.002,0.144,0.0022,0.9964,0.0012,0.091,0.0007,0.0007,0.0019,0.0007,0.0696,0.0057,0.0011,0.1961,o3-mini
15,14,83,1,4.93,14.0,0,0,0,6.726153846153846,0.857,0.188,0.25,0.062,0.0,0.062,0,0,0,0,0,0,0,0.0167,0.3024,0.0623,0.001,0.5848,0.039,0.9991,0.0008,0.3115,0.2987,0.1945,0.0101,0.0025,0.0505,gemini-flash
26,21,93,1,3.24,21.0,0,0,0,5.206666666666667,0.81,0.286,0.036,0.036,0.0,0.036,1,0,1,0,0,0,0,0.0009,0.0034,0.0002,0.0198,0.8258,0.0029,0.082,0.0002,0.2856,0.0058,0.0001,0.0001,0.0002,0.0075,o3-mini
31,26,152,4,4.69,6.5,1,0,0,6.8515384615384605,0.615,0.226,0.129,0.065,0.0,0.065,2,0,1,0,0,0,0,0.0874,0.8624,0.5676,0.9858,0.0014,0.8706,0.0013,0.4668,0.55,0.0112,0.7744,0.7072,0.0539,0.1187,gpt-4o
14,12,59,1,3.92,12.0,0,0,0,6.790000000000003,0.833,0.308,0.077,0.0,0.0,0.0,0,0,0,0,0,0,0,0.0013,0.0012,0.9995,0.0018,0.0001,0.004,0.0003,0.0001,0.0003,0.0014,0.2156,0.0005,0.0002,0.0001,gpt-4o
15,13,79,1,5.08,13.0,0,0,0,12.172307692307694,0.923,0.286,0.143,0.143,0.0,0.071,0,0,0,0,0,0,0,0.0002,0.9873,0.0,0.0009,0.0002,0.0012,0.0001,0.0002,0.9628,0.0008,0.0008,0.0002,0.0001,0.0004,gpt-4o
19,16,107,1,5.56,16.0,1,0,0,12.775000000000002,0.938,0.158,0.053,0.105,0.0,0.263,2,0,0,1,0,0,0,0.0003,0.0505,0.0001,0.9527,0.0001,0.0014,0.0012,0.0001,0.0161,0.0001,0.082,0.0001,0.0001,0.0012,gemini-flash
20,15,103,1,5.73,15.0,0,0,0,11.500000000000004,1.0,0.389,0.111,0.056,0.0,0.0,0,0,0,0,0,0,0,0.0007,0.0162,0.0001,0.4452,0.0003,0.001,0.0001,0.0003,0.8317,0.979,0.0301,0.9646,0.0004,0.0001,gemini-flash
16,13,92,1,6.08,13.0,0,0,0,13.98769230769231,0.923,0.429,0.071,0.071,0.0,0.0,0,0,0,0,0,0,0,0.0001,0.0013,0.4615,0.0028,0.0001,0.0015,0.0004,0.0003,0.0026,0.9961,0.0005,0.993,0.0003,0.0002,gpt-4o
14,13,95,1,6.31,13.0,0,0,0,14.895384615384618,1.0,0.214,0.071,0.214,0.0,0.143,2,0,0,0,0,0,0,0.9939,0.035,0.0001,0.0007,0.5319,0.0013,0.0032,0.0003,0.9951,0.0355,0.0012,0.0006,0.001,0.0001,gpt-4o
30,21,112,1,4.14,21.0,0,0,0,5.362142857142857,0.857,0.269,0.154,0.0,0.038,0.038,1,0,0,0,0,0,0,0.0006,0.6099,0.0092,0.0003,0.3934,0.0001,0.9799,0.7446,0.4107,0.605,0.047,0.0464,0.0001,0.0002,gpt-4o
21,17,126,1,6.41,17.0,0,0,0,16.72235294117647,0.882,0.278,0.222,0.111,0.0,0.0,1,0,0,0,1,0,0,0.0007,0.9833,0.0001,0.043,0.0017,0.0056,0.0002,0.0007,0.0041,0.0002,0.007,0.0014,0.0001,0.7826,gpt-4o
20,15,103,1,5.8,15.0,0,0,0,12.286666666666669,0.867,0.294,0.118,0.0,0.0,0.118,1,0,0,0,0,0,0,0.0034,0.4843,0.0001,0.3903,0.0002,0.0328,0.0003,0.0005,0.002,0.9153,0.003,0.3202,0.9849,0.0,gemini-flash
28,23,114,2,3.87,11.5,1,0,0,2.5568478260869583,0.609,0.077,0.077,0.154,0.0,0.154,1,0,0,0,0,0,0,0.0014,0.7237,0.0014,0.0414,0.0239,0.0017,0.2794,0.4782,0.0435,0.2008,0.171,0.0705,0.0247,0.236,o3-mini
22,20,140,1,5.95,20.0,0,0,0,15.810000000000002,0.9,0.364,0.136,0.182,0.0,0.0,0,0,0,0,0,0,0,0.0004,0.1953,0.0566,0.0034,0.0008,0.3,0.9961,0.0002,0.0003,0.0001,0.0667,0.0009,0.0002,0.0018,gpt-4o
19,16,106,1,5.62,16.0,0,0,0,12.037500000000005,1.0,0.294,0.118,0.0,0.059,0.118,2,0,1,1,0,0,0,0.0079,0.6586,0.0001,0.001,0.9993,0.0006,0.9678,0.3637,0.9793,0.8198,0.0061,0.0505,0.0257,0.013,gpt-4o
20,19,123,1,5.47,19.0,0,0,0,13.556842105263158,0.947,0.3,0.15,0.2,0.0,0.0,0,0,0,0,0,0,0,0.0004,0.9631,0.0,0.0322,0.2161,0.0003,0.0001,0.0,0.054,0.9968,0.0037,0.0104,0.6519,0.0004,gpt-4o
21,20,114,1,4.7,20.0,0,0,0,9.910000000000004,0.9,0.286,0.095,0.19,0.0,0.0,0,0,0,0,0,0,0,0.0037,0.3959,0.8967,0.0158,0.0655,0.9788,0.0375,0.0001,0.4179,0.943,0.025,0.0972,0.9977,0.0002,gemini-flash
28,22,119,1,4.41,22.0,0,0,0,11.142857142857142,0.864,0.25,0.083,0.083,0.042,0.0,5,1,0,0,1,0,0,0.0003,0.9447,0.0,0.0119,0.0001,0.004,0.0006,0.9967,0.1268,0.1094,0.1892,0.0382,0.0159,0.9106,o3-mini
18,11,92,1,7.36,11.0,0,0,0,17.81,1.0,0.308,0.154,0.077,0.0,0.154,1,0,0,1,0,0,0,0.0001,0.7647,0.0002,0.1049,0.0001,0.9994,0.0002,0.0,0.7535,0.9794,0.0152,0.0002,0.7641,0.0001,gemini-flash
21,17,111,1,5.41,17.0,0,0,0,13.5125,0.941,0.19,0.048,0.238,0.0,0.095,0,0,0,0,0,0,0,0.9978,0.0641,0.0001,0.0672,0.0,0.5516,0.0006,0.0,0.0,0.0,0.0373,0.0001,0.0,0.0001,gemini-flash
16,15,66,1,3.4,15.0,0,0,0,4.420000000000002,0.8,0.25,0.188,0.062,0.0,0.062,3,0,1,0,1,0,0,0.0008,0.4319,0.0787,0.0839,0.6233,0.0895,0.9992,0.0003,0.8061,0.0399,0.0422,0.0591,0.021,0.0282,gemini-flash
41,20,175,1,7.45,20.0,0,0,0,16.040000000000003,1.0,0.296,0.148,0.111,0.037,0.0,0,0,0,0,0,0,0,0.0026,0.9705,0.0001,0.2801,0.0001,0.0134,0.0865,0.0001,0.0011,0.8317,0.0023,0.6275,0.9164,0.0164,o3-mini
29,24,168,2,5.83,12.0,0,0,0,9.740000000000002,0.917,0.172,0.138,0.069,0.034,0.138,4,0,0,0,1,0,1,0.9895,0.693,0.0012,0.1609,0.0007,0.2467,0.0327,0.0342,0.0856,0.0001,0.4082,0.001,0.0002,0.6829,gemini-flash
19,14,107,1,6.64,14.0,0,0,0,17.618461538461542,1.0,0.25,0.125,0.188,0.0,0.062,1,0,0,0,0,0,0,0.0003,0.9982,0.0001,0.2849,0.0004,0.0004,0.0001,0.0,0.9834,0.977,0.0019,0.0004,0.7497,0.0,gpt-4o
18,15,93,1,5.2,15.0,0,0,0,9.140000000000004,0.867,0.312,0.125,0.188,0.0,0.0,0,0,0,0,0,0,0,0.0001,0.9813,0.0,0.0002,0.0,0.9993,0.0002,0.0,0.0001,0.0,0.9126,0.0001,0.0,0.0002,o3-mini
21,19,110,1,4.74,19.0,0,0,1,9.830526315789477,0.947,0.19,0.19,0.095,0.0,0.048,1,0,0,0,0,0,0,0.0403,0.8254,0.386,0.0496,0.3374,0.3823,0.9987,0.9844,0.3571,0.7816,0.1899,0.0294,0.0032,0.5082,gemini-flash
23,21,153,1,6.24,21.0,0,0,0,19.00952380952381,0.952,0.348,0.13,0.174,0.0,0.087,1,0,0,0,0,0,0,0.0005,0.373,0.117,0.0107,0.0004,0.009,0.0004,0.0001,0.0004,0.0001,0.0415,0.0003,0.0002,0.0001,gpt-4o
14,10,55,1,4.5,10.0,0,0,0,8.180000000000003,1.0,0.231,0.077,0.077,0.0,0.0,1,0,0,0,1,0,0,0.2444,0.193,0.0002,0.8011,0.0007,0.0016,0.0001,0.0004,0.5391,0.9857,0.0276,0.9074,0.0011,0.0001,gemini-flash
9,8,51,1,5.38,8.0,1,0,0,9.655000000000001,1.0,0.222,0.0,0.222,0.0,0.0,0,0,0,0,0,0,0,0.0004,0.007,0.0001,0.9964,0.0002,0.0083,0.0001,0.0001,0.0001,0.0002,0.0006,0.0001,0.7194,0.0001,o3-mini
15,13,93,1,6.23,13.0,0,0,0,21.540000000000003,1.0,0.214,0.071,0.286,0.0,0.071,1,0,1,0,0,0,0,0.008,0.8647,0.0001,0.0739,0.0001,0.0002,0.0005,0.0001,0.0086,0.0004,0.0488,0.0088,0.0005,0.0016,gpt-4o
46,31,224,1,6.26,31.0,0,1,1,20.81166666666667,0.871,0.222,0.111,0.0,0.0,0.167,2,0,0,1,0,0,0,0.0005,0.1176,0.0,0.0013,0.9985,0.0005,0.0052,0.0001,0.7747,0.0001,0.0001,0.0001,0.0059,0.0078,gemini-flash
29,26,162,1,5.19,26.0,0,0,0,15.426923076923078,0.846,0.321,0.107,0.179,0.0,0.0,0,0,0,0,0,0,0,0.0128,0.989,0.0,0.095,0.0003,0.0039,0.0004,0.0002,0.0046,0.9985,0.0193,0.0006,0.9958,0.0001,gpt-4o
20,18,112,1,5.22,18.0,0,0,0,13.063333333333333,0.833,0.316,0.105,0.158,0.0,0.0,0,0,0,0,0,0,0,0.0025,0.0746,0.3079,0.1512,0.0002,0.4912,0.0039,0.1737,0.4387,0.138,0.1189,0.9276,0.0328,0.1191,gemini-flash
14,8,52,1,5.25,8.0,0,0,0,6.705000000000002,1.0,0.091,0.091,0.0,0.091,0.182,1,0,0,0,0,0,0,0.0002,0.8548,0.1263,0.0006,0.0001,0.9996,0.0004,0.0001,0.0001,0.0001,0.0006,0.0001,0.0001,0.0001,o3-mini
25,22,152,1,5.86,22.0,0,0,0,16.59,0.955,0.333,0.167,0.125,0.0,0.042,1,0,0,0,0,0,0,0.0003,0.2041,0.0001,0.2019,0.0002,0.0036,0.0003,0.0002,0.99,0.9903,0.0017,0.0009,0.0001,0.0001,gpt-4o
26,18,81,1,3.22,18.0,0,0,0,6.780000000000001,0.778,0.167,0.125,0.0,0.0,0.083,3,0,1,0,0,0,0,0.9991,0.0172,0.0052,0.0148,0.2978,0.7489,0.0619,0.0503,0.8809,0.0034,0.1752,0.0007,0.0003,0.3052,gemini-flash
17,16,115,1,6.19,16.0,0,0,0,15.725000000000005,0.875,0.353,0.118,0.235,0.0,0.0,0,0,0,0,0,0,0,0.0002,0.4663,0.9986,0.0055,0.0001,0.0038,0.898,0.0003,0.0874,0.0011,0.1006,0.0002,0.0001,0.0003,gpt-4o
21,17,123,1,6.18,17.0,0,0,0,17.416470588235295,1.0,0.211,0.158,0.211,0.0,0.0,0,0,0,0,0,0,0,0.006,0.2495,0.03,0.0936,0.0001,0.0002,0.0001,0.0759,0.0497,0.8126,0.0093,0.0049,0.0275,0.0002,gemini-flash
7,6,33,1,4.5,6.0,1,0,0,6.416666666666668,1.0,0.143,0.0,0.0,0.0,0.143,1,0,0,0,0,0,0,0.0013,0.0326,0.0023,0.9949,0.0006,0.0395,0.0005,0.0009,0.0034,0.0013,0.0604,0.0035,0.0008,0.22,o3-mini
33,26,172,1,5.58,26.0,0,0,0,16.344,0.885,0.276,0.103,0.172,0.0,0.0,2,0,0,1,1,0,0,0.0518,0.9326,0.0,0.1863,0.007,0.0247,0.0003,0.0001,0.0001,0.0001,0.0217,0.0,0.0043,0.3004,gpt-4o
15,13,81,1,5.23,13.0,0,0,0,9.44923076923077,1.0,0.286,0.071,0.071,0.0,0.143,2,0,0,0,0,0,0,0.9986,0.0898,0.0002,0.0489,0.0066,0.0161,0.0768,0.0007,0.6386,0.0003,0.0225,0.0034,0.0003,0.0057,gemini-flash
36,18,96,3,3.67,6.0,1,0,0,3.1388888888888893,0.889,0.107,0.071,0.071,0.0,0.0,7,0,0,0,1,0,0,0.0086,0.2816,0.0186,0.9888,0.0039,0.0122,0.0542,0.2345,0.0403,0.0998,0.0385,0.2619,0.008,0.0691,gpt-4o
22,15,85,1,4.6,15.0,0,0,0,6.727142857142859,1.0,0.167,0.056,0.111,0.0,0.111,3,0,1,0,0,0,0,0.0003,0.999,0.0017,0.0045,0.0002,0.9995,0.0013,0.0,0.0,0.0,0.0492,0.0017,0.0001,0.0,gemini-flash
28,23,108,1,3.7,23.0,0,0,0,9.32,0.87,0.308,0.038,0.0,0.0,0.115,1,0,0,1,0,0,0,0.0002,0.9308,0.0,0.0004,0.656,0.0004,0.0047,0.0001,0.0009,0.0001,0.0001,0.0001,0.0003,0.006,o3-mini
21,19,131,1,5.89,19.0,0,0,0,16.662105263157894,0.947,0.35,0.15,0.1,0.0,0.05,1,0,0,1,0,0,0,0.0006,0.681,0.0002,0.0139,0.0001,0.0002,0.0001,0.0001,0.7741,0.986,0.0005,0.0006,0.1019,0.0,gpt-4o
13,11,84,1,6.64,11.0,0,0,1,14.445454545454545,1.0,0.25,0.083,0.083,0.0,0.167,2,0,0,0,0,0,0,0.9972,0.0291,0.0166,0.0255,0.0004,0.3689,0.0036,0.0001,0.316,0.689,0.038,0.0097,0.9597,0.0001,gemini-flash
42,33,159,1,3.85,33.0,0,0,0,13.810000000000006,0.818,0.25,0.083,0.056,0.0,0.028,5,1,0,1,1,0,0,0.0001,0.969,0.1747,0.0303,0.0956,0.0005,0.9946,0.8797,0.2096,0.0006,0.3386,0.0006,0.0003,0.905,gpt-4o
10,7,44,1,4.86,7.0,1,0,0,5.682857142857145,1.0,0.091,0.182,0.0,0.0,0.273,4,0,1,1,0,0,0,0.9937,0.1365,0.0975,0.8812,0.0007,0.0241,0.0005,0.0294,0.1043,0.1445,0.0753,0.1152,0.0326,0.0514,gemini-flash
15,12,73,1,5.08,12.0,0,0,0,6.790000000000003,0.917,0.308,0.077,0.154,0.0,0.077,0,0,0,0,0,0,0,0.0012,0.9986,0.0004,0.0014,0.0002,0.9995,0.0005,0.0,0.0001,0.9987,0.001,0.0001,0.0,0.0,gpt-4o
8,7,42,1,5.0,7.0,1,0,0,7.368571428571428,1.0,0.25,0.0,0.125,0.0,0.0,0,0,0,0,0,0,0,0.0005,0.004,0.0001,0.9954,0.0002,0.005,0.0001,0.0001,0.0001,0.0003,0.0004,0.0002,0.6974,0.0001,gemini-flash
13,11,74,1,5.73,11.0,0,0,1,12.3,1.0,0.167,0.167,0.0,0.083,0.25,0,0,0,0,0,0,0,0.0305,0.5806,0.1616,0.0058,0.5991,0.0011,0.999,0.9978,0.1297,0.7821,0.1275,0.0026,0.1108,0.8993,gpt-4o
6,5,20,1,3.0,5.0,1,0,0,-1.8399999999999999,1.0,0.167,0.0,0.167,0.0,0.0,0,0,0,0,0,0,0,0.0048,0.6597,0.0014,0.9956,0.02,0.0178,0.0003,0.0076,0.0127,0.5757,0.0075,0.0116,0.0004,0.0036,gemini-flash
22,18,83,1,3.56,18.0,0,0,0,5.993333333333336,0.889,0.273,0.045,0.0,0.0,0.091,2,0,0,1,0,0,0,0.0004,0.7817,0.0,0.004,0.5852,0.0011,0.0068,0.0001,0.0004,0.0001,0.0002,0.0002,0.0003,0.0073,gemini-flash
27,18,101,1,4.61,18.0,0,0,0,6.466176470588238,0.944,0.35,0.05,0.05,0.0,0.0,3,1,0,0,1,0,0,0.0002,0.9981,0.0,0.1225,0.0006,0.9273,0.0059,0.0554,0.0,0.0001,0.0396,0.0001,0.0,0.9903,gpt-4o
15,14,77,1,4.5,14.0,0,0,0,10.941428571428574,0.786,0.267,0.133,0.133,0.0,0.0,0,0,0,0,0,0,0,0.001,0.9979,0.9994,0.5184,0.5085,0.9756,0.0013,0.0004,0.9911,0.7348,0.013,0.002,0.0006,0.004,gpt-4o
15,12,62,1,4.17,12.0,1,0,0,5.806666666666668,0.917,0.154,0.077,0.077,0.0,0.154,1,0,0,0,0,1,0,0.0001,0.0376,0.0,0.9967,0.0,0.0007,0.0002,0.0,0.0001,0.0001,0.0137,0.0001,0.0001,0.0001,gemini-flash
13,12,75,1,5.25,12.0,0,0,0,11.22727272727273,1.0,0.357,0.071,0.214,0.0,0.0,1,0,0,0,0,0,0,0.0002,0.4116,0.0106,0.0254,0.0005,0.0023,0.0003,0.0002,0.0012,0.1866,0.0042,0.0002,0.0012,0.0001,o3-mini
6,4,29,1,6.25,4.0,1,0,0,9.57,1.0,0.2,0.2,0.0,0.0,0.0,0,0,0,0,0,0,0,0.0007,0.0047,0.0002,0.996,0.0021,0.0005,0.0001,0.0003,0.0889,0.9957,0.0017,0.0006,0.0014,0.0002,gemini-flash
17,10,58,1,4.7,10.0,0,0,0,4.964444444444446,1.0,0.154,0.077,0.0,0.0,0.154,3,0,1,0,0,0,0,0.0005,0.9991,0.0028,0.0124,0.0003,0.9996,0.0005,0.0,0.0001,0.0001,0.0519,0.0004,0.0001,0.0,gpt-4o
19,10,43,2,3.0,5.0,0,0,0,3.7550000000000026,1.0,0.077,0.154,0.0,0.0,0.231,1,0,0,1,0,0,0,0.0952,0.9,0.0725,0.3255,0.2843,0.0305,0.5689,0.9802,0.212,0.635,0.2343,0.059,0.0605,0.645,gemini-flash
17,11,64,1,4.64,11.0,0,0,0,6.936363636363637,1.0,0.357,0.071,0.0,0.0,0.0,0,0,0,0,0,0,0,0.0341,0.2437,0.0001,0.3764,0.0001,0.0336,0.0014,0.0001,0.003,0.0001,0.2181,0.0909,0.0002,0.0004,gpt-4o
25,21,148,1,5.9,21.0,0,0,0,15.07619047619048,0.857,0.32,0.12,0.04,0.0,0.12,2,0,1,0,0,0,0,0.0002,0.0038,0.0,0.0002,0.0036,0.0002,0.0064,0.1784,0.2336,0.0143,0.0003,0.0001,0.0002,0.0619,gpt-4o
11,10,61,1,5.1,10.0,0,0,0,9.55,1.0,0.182,0.182,0.182,0.0,0.182,2,0,0,1,0,0,0,0.0005,0.0422,0.729,0.0009,0.0,0.0005,0.7255,0.0002,0.9972,0.0003,0.1065,0.0262,0.0002,0.0143,gemini-flash
15,13,90,1,5.92,13.0,0,0,0,16.710769230769234,1.0,0.214,0.143,0.214,0.0,0.071,1,0,0,1,0,0,0,0.0008,0.9987,0.0,0.2147,0.0012,0.0005,0.0001,0.0002,0.9717,0.8937,0.0662,0.0002,0.7724,0.0001,gpt-4o
13,12,75,1,5.25,12.0,0,0,0,10.723333333333333,0.917,0.154,0.077,0.154,0.0,0.154,2,0,0,0,0,0,0,0.9941,0.1863,0.0003,0.0061,0.064,0.0275,0.0033,0.3188,0.9977,0.9846,0.0062,0.0155,0.0006,0.0003,gpt-4o
23,19,114,1,4.89,19.0,0,0,0,9.209473684210526,0.947,0.227,0.091,0.136,0.0,0.091,2,0,0,1,1,0,0,0.0007,0.8898,0.0001,0.1124,0.0001,0.1408,0.0001,0.0981,0.6739,0.0001,0.0232,0.0001,0.0001,0.7353,o3-mini
14,13,78,1,5.0,13.0,0,0,0,10.356923076923078,0.846,0.286,0.143,0.071,0.0,0.0,0,0,0,0,0,0,0,0.004,0.0526,0.2083,0.1134,0.0001,0.1976,0.0052,0.2206,0.9313,0.2549,0.5551,0.9353,0.0439,0.1152,gemini-flash
16,14,78,1,4.5,14.0,1,0,0,7.570000000000004,0.929,0.188,0.062,0.062,0.0,0.0,0,0,0,0,0,0,0,0.0003,0.1027,0.0,0.997,0.0002,0.002,0.0001,0.0001,0.0002,0.9956,0.0011,0.0001,0.9971,0.0001,gemini-flash
15,10,56,1,4.4,10.0,0,0,0,6.010000000000002,1.0,0.231,0.077,0.154,0.0,0.077,0,0,0,0,0,0,0,0.0003,0.2594,0.0,0.3864,0.0001,0.0003,0.0002,0.0,0.0,0.0,0.06,0.0001,0.0001,0.0,o3-mini
33,28,133,1,3.82,28.0,0,0,0,10.68,0.821,0.233,0.1,0.033,0.0,0.0,4,1,0,0,0,0,0,0.0002,0.7327,0.0001,0.0016,0.0001,0.0013,0.0233,0.9966,0.1233,0.0437,0.1087,0.0011,0.0026,0.8781,o3-mini
11,8,50,1,4.88,8.0,1,0,0,6.705000000000002,1.0,0.083,0.167,0.0,0.0,0.083,2,0,0,0,1,0,0,0.9946,0.6836,0.0054,0.9695,0.088,0.2432,0.0006,0.0002,0.175,0.0382,0.0166,0.1365,0.0246,0.0286,gemini-flash
30,24,155,1,5.42,24.0,0,0,0,13.436666666666667,0.875,0.346,0.115,0.115,0.0,0.0,0,0,0,0,0,0,0,0.0007,0.962,0.0006,0.0023,0.0001,0.9992,0.0002,0.0003,0.9146,0.9954,0.0012,0.4593,0.0007,0.0001,gpt-4o
21,19,122,1,5.37,19.0,0,0,1,11.07263157894737,0.895,0.19,0.19,0.143,0.048,0.048,0,0,0,0,0,0,0,0.0047,0.6089,0.0129,0.3085,0.5305,0.2736,0.9984,0.8901,0.3356,0.6028,0.1715,0.0354,0.0127,0.3594,gemini-flash
32,24,174,1,6.08,24.0,0,0,0,15.51727272727273,0.958,0.172,0.103,0.069,0.034,0.138,2,0,1,0,0,0,0,0.0004,0.3564,0.0,0.0003,0.9991,0.0004,0.0737,0.0001,0.4612,0.0001,0.0001,0.0001,0.0001,0.0001,gpt-4o
33,26,132,2,3.96,13.0,1,0,0,6.277000000000001,0.808,0.161,0.129,0.161,0.0,0.0,0,0,0,0,0,0,0,0.0085,0.8189,0.0016,0.9929,0.0055,0.0019,0.0475,0.0752,0.0295,0.267,0.0175,0.1363,0.0314,0.029,gpt-4o
23,20,117,1,4.75,20.0,0,0,0,12.270000000000003,0.95,0.174,0.13,0.174,0.0,0.087,2,0,0,0,0,0,0,0.0354,0.0034,0.9997,0.2329,0.0017,0.7742,0.0013,0.0001,0.3705,0.9464,0.1401,0.0256,0.0069,0.0004,gpt-4o
32,26,194,1,6.31,26.0,0,0,0,19.965384615384618,0.962,0.355,0.129,0.129,0.0,0.032,2,0,1,0,1,0,0,0.0001,0.9987,0.0001,0.0025,0.0001,0.98,0.0003,0.0018,0.0286,0.0002,0.2497,0.0001,0.0001,0.9966,gpt-4o
25,18,118,1,5.5,18.0,0,0,0,15.725000000000005,1.0,0.227,0.136,0.182,0.0,0.0,2,0,0,1,1,0,0,0.0492,0.0704,0.0012,0.4128,0.0027,0.0016,0.0001,0.0002,0.8386,0.9034,0.0714,0.4831,0.0036,0.0001,gemini-flash
23,21,125,1,4.9,21.0,1,0,0,12.860000000000003,0.905,0.25,0.042,0.208,0.0,0.0,0,0,0,0,0,0,0,0.0152,0.1367,0.0,0.9919,0.0001,0.0128,0.0001,0.0007,0.0097,0.0,0.0009,0.0023,0.0,0.0133,gpt-4o
24,17,123,1,6.06,17.0,0,0,0,13.945882352941176,1.0,0.381,0.143,0.095,0.0,0.0,1,0,0,0,0,0,0,0.0004,0.0022,0.0002,0.0134,0.0001,0.0007,0.0002,0.9976,0.0003,0.7028,0.0019,0.9924,0.0006,0.0006,o3-mini
30,22,149,1,5.64,22.0,1,0,0,15.51727272727273,0.955,0.346,0.154,0.077,0.0,0.0,0,0,0,0,0,0,0,0.0024,0.7177,0.0003,0.996,0.2928,0.0014,0.0289,0.0001,0.671,0.0013,0.0172,0.0106,0.0016,0.0208,gpt-4o
37,31,219,1,5.87,31.0,0,0,0,21.354482758620694,0.935,0.2,0.125,0.15,0.0,0.05,2,0,0,0,0,0,0,0.9821,0.5507,0.0004,0.0616,0.0001,0.9272,0.0077,0.0,0.0001,0.8822,0.3156,0.0001,0.9947,0.0001,gemini-flash
28,22,128,1,4.68,22.0,0,0,0,12.828571428571426,0.864,0.111,0.148,0.074,0.074,0.037,1,0,0,0,1,0,0,0.0014,0.9081,0.0263,0.1312,0.004,0.0038,0.0012,0.0,0.003,0.0001,0.0003,0.3386,0.0004,0.0219,o3-mini
33,26,148,1,4.65,26.0,0,0,0,14.456,0.846,0.241,0.138,0.069,0.034,0.0,5,1,0,0,1,0,0,0.0003,0.8847,0.0001,0.0088,0.0001,0.0011,0.0012,0.9983,0.0937,0.391,0.3088,0.0394,0.0188,0.9209,o3-mini
33,27,184,1,5.74,27.0,0,0,0,17.69615384615385,0.889,0.29,0.065,0.161,0.0,0.032,0,0,0,0,0,0,0,0.0017,0.9883,0.0002,0.0007,0.0002,0.9992,0.0003,0.0001,0.0007,0.9825,0.0008,0.0002,0.998,0.0001,gpt-4o
31,26,195,1,6.38,26.0,0,0,0,20.873076923076926,0.962,0.4,0.133,0.133,0.0,0.033,1,0,0,0,0,0,0,0.0001,0.2991,0.0003,0.0067,0.0002,0.0002,0.0017,0.0007,0.9878,0.0028,0.0683,0.4717,0.0001,0.0029,gpt-4o
22,19,118,1,5.21,19.0,0,0,0,12.314736842105265,0.947,0.2,0.15,0.15,0.0,0.0,0,0,0,0,0,0,0,0.0033,0.252,0.0001,0.127,0.0,0.0016,0.0002,0.0001,0.0001,0.0001,0.3393,0.0232,0.0001,0.0003,gemini-flash
44,27,216,1,7.07,27.0,0,0,1,25.05176470588236,0.815,0.303,0.061,0.03,0.0,0.152,1,0,0,1,0,0,0,0.0004,0.0025,0.0,0.0008,0.6212,0.0005,0.0061,0.0001,0.4603,0.0011,0.0001,0.0001,0.0283,0.0156,gemini-flash
23,19,153,1,6.89,19.0,0,0,0,21.63052631578947,1.0,0.348,0.13,0.174,0.0,0.0,0,0,0,0,0,0,0,0.0009,0.9047,0.0,0.0707,0.0233,0.0195,0.0007,0.0001,0.991,0.1597,0.0067,0.007,0.0299,0.0045,o3-mini
35,27,175,2,5.37,13.5,0,0,0,11.526851851851855,0.889,0.258,0.097,0.161,0.0,0.065,2,0,0,0,0,0,0,0.0007,0.9898,0.9987,0.0328,0.0144,0.6228,0.001,0.0006,0.9997,0.991,0.1711,0.0011,0.0002,0.0001,o3-mini
29,19,144,1,6.32,19.0,0,0,0,17.904210526315797,1.0,0.2,0.08,0.12,0.0,0.12,3,0,1,0,0,0,0,0.9991,0.2135,0.18,0.1059,0.002,0.597,0.0026,0.5237,0.046,0.0486,0.0807,0.1625,0.0009,0.0045,gemini-flash
28,27,188,1,5.96,27.0,0,0,0,19.05769230769231,0.889,0.241,0.207,0.103,0.0,0.034,1,0,0,0,0,0,0,0.0005,0.9233,0.0007,0.3844,0.0008,0.1886,0.0005,0.0032,0.3236,0.0022,0.0708,0.1823,0.0002,0.0002,gpt-4o
30,21,130,1,5.1,21.0,0,0,0,12.270000000000003,0.905,0.16,0.08,0.12,0.0,0.12,3,0,1,0,0,0,0,0.0003,0.9995,0.0169,0.0009,0.0012,0.9995,0.0015,0.0,0.0,0.0,0.0373,0.0004,0.0001,0.0001,gemini-flash
33,27,159,1,4.7,27.0,0,0,0,11.547407407407409,0.778,0.273,0.121,0.152,0.0,0.03,2,0,0,1,0,0,0,0.0005,0.9728,0.1343,0.0131,0.3367,0.005,0.999,0.0006,0.9672,0.0008,0.5795,0.0003,0.6997,0.0452,gemini-flash
11,8,50,1,4.88,8.0,1,0,0,6.705000000000002,1.0,0.083,0.167,0.0,0.0,0.083,2,0,0,0,1,0,0,0.9965,0.6281,0.012,0.9754,0.0834,0.1103,0.0004,0.0001,0.2361,0.0463,0.0288,0.1514,0.021,0.0247,gemini-flash
20,16,113,1,6.0,16.0,0,0,0,13.5125,0.875,0.278,0.111,0.167,0.0,0.056,0,0,0,0,0,0,0,0.0014,0.9965,0.0004,0.0016,0.0001,0.999,0.0001,0.0001,0.0002,0.9905,0.0042,0.0003,0.0001,0.0001,gpt-4o
16,13,80,1,5.15,13.0,1,0,0,10.356923076923078,0.923,0.143,0.071,0.071,0.071,0.0,0,0,0,0,0,0,0,0.0007,0.0141,0.0,0.9961,0.0005,0.0007,0.0001,0.0,0.0001,0.0093,0.0003,0.0002,0.8922,0.0001,gemini-flash
34,20,124,2,4.4,10.0,0,0,1,6.9311111111111146,0.9,0.083,0.139,0.0,0.0,0.083,1,0,0,1,0,0,0,0.0003,0.6471,0.0001,0.002,0.9753,0.1183,0.0077,0.5506,0.0159,0.0249,0.0062,0.0008,0.0001,0.1139,gpt-4o
47,38,198,5,4.0,7.6,1,0,0,4.14242105263158,0.605,0.106,0.128,0.064,0.021,0.191,11,0,1,0,0,0,0,0.0031,0.1468,0.0001,0.0559,0.0762,0.0545,0.0395,0.0005,0.0102,0.0006,0.0013,0.0002,0.0003,0.0357,gpt-4o
20,16,97,1,5.0,16.0,0,0,0,10.562500000000004,0.875,0.167,0.167,0.222,0.0,0.0,0,0,0,0,0,0,0,0.0006,0.0481,0.9996,0.0151,0.0029,0.9992,0.0005,0.0001,0.0009,0.0005,0.0009,0.0029,0.0014,0.0002,gpt-4o
18,16,87,1,4.44,16.0,0,0,0,9.92666666666667,0.938,0.389,0.111,0.0,0.0,0.0,1,0,0,0,1,0,0,0.0,0.998,0.0001,0.0145,0.0001,0.0744,0.0,0.099,0.0,0.0002,0.0023,0.8744,0.0,0.0,gpt-4o
11,10,54,1,4.4,10.0,1,0,0,3.650000000000002,1.0,0.182,0.0,0.091,0.0,0.182,2,0,0,1,0,0,0,0.1149,0.6451,0.0002,0.9954,0.0002,0.0093,0.0001,0.0042,0.0085,0.0001,0.0033,0.0001,0.0001,0.4405,gemini-flash
9,8,50,1,5.25,8.0,0,0,0,8.180000000000003,1.0,0.444,0.222,0.0,0.0,0.0,0,0,0,0,0,0,0,0.0006,0.7903,0.0003,0.0012,0.2516,0.0005,0.9965,0.0001,0.9011,0.0003,0.3165,0.0007,0.0002,0.0001,gemini-flash
18,15,88,1,4.87,15.0,1,0,0,9.140000000000004,0.933,0.312,0.062,0.062,0.0,0.062,0,0,0,0,0,0,0,0.0003,0.2292,0.0001,0.8127,0.0004,0.0171,0.0007,0.0013,0.3264,0.0001,0.0615,0.0013,0.0001,0.001,gpt-4o
10,8,41,1,4.12,8.0,0,0,0,6.705000000000002,0.875,0.333,0.111,0.111,0.0,0.0,1,0,0,0,1,0,0,0.003,0.0017,0.9997,0.038,0.0009,0.0144,0.0004,0.0001,0.0004,0.0002,0.064,0.0005,0.0004,0.0014,o3-mini
27,21,133,1,5.38,21.0,0,0,0,8.840000000000003,0.905,0.091,0.091,0.091,0.0,0.318,3,0,0,1,0,1,0,0.0002,0.9832,0.0007,0.39,0.0001,0.0664,0.001,0.0,0.0002,0.0003,0.0004,0.0001,0.0036,0.0001,gpt-4o
29,22,118,1,4.32,22.0,0,0,0,11.704761904761906,0.909,0.28,0.08,0.08,0.0,0.0,4,1,0,0,1,0,0,0.0004,0.7636,0.0,0.0468,0.0001,0.0131,0.0023,0.9261,0.0127,0.0214,0.1145,0.0086,0.006,0.7536,gemini-flash
20,14,87,1,5.07,14.0,0,0,0,10.098571428571429,1.0,0.412,0.118,0.0,0.0,0.0,0,0,0,0,0,0,0,0.0151,0.2049,0.0,0.349,0.0002,0.0091,0.0001,0.0001,0.0009,0.0001,0.3249,0.2207,0.0001,0.0006,gemini-flash
34,20,116,1,4.2,20.0,0,0,0,8.350000000000005,0.9,0.118,0.118,0.0,0.0,0.118,4,0,1,0,0,0,0,0.9975,0.1653,0.0015,0.2083,0.8411,0.0254,0.4566,0.0005,0.967,0.0048,0.1801,0.0006,0.0004,0.0033,gemini-flash
18,12,71,1,4.92,12.0,0,0,0,10.723333333333333,1.0,0.231,0.077,0.231,0.0,0.0,2,0,0,0,0,0,0,0.0004,0.8531,0.0031,0.0592,0.0001,0.9993,0.0001,0.0,0.0,0.0,0.0939,0.0001,0.0001,0.0,o3-mini
19,15,124,1,7.0,15.0,0,0,0,19.36666666666667,0.867,0.4,0.2,0.1,0.0,0.0,0,0,0,0,0,0,0,0.0001,0.992,0.0001,0.0018,0.0088,0.9876,0.0005,0.0,0.0001,0.8019,0.005,0.0001,0.9987,0.0,gpt-4o
15,14,115,1,7.21,14.0,0,0,0,20.212857142857143,1.0,0.267,0.133,0.267,0.0,0.0,0,0,0,0,0,0,0,0.0005,0.7202,0.8809,0.0539,0.0002,0.0022,0.0016,0.0008,0.9382,0.0075,0.0052,0.2839,0.0005,0.0002,gpt-4o
14,11,76,1,5.91,11.0,0,0,0,12.3,0.909,0.25,0.083,0.167,0.0,0.083,2,0,0,0,0,0,0,0.9965,0.2226,0.0937,0.0982,0.0412,0.7995,0.0014,0.0004,0.1919,0.997,0.073,0.0012,0.0006,0.0002,o3-mini
20,17,118,1,6.0,17.0,0,0,0,14.250000000000004,0.882,0.333,0.111,0.222,0.0,0.0,1,0,0,0,1,0,0,0.0001,0.9917,0.0001,0.0004,0.0003,0.9992,0.0002,0.0,0.9253,0.0002,0.0353,0.0001,0.0001,0.0576,gemini-flash
25,20,96,1,3.7,20.0,0,0,0,8.39294117647059,0.9,0.217,0.087,0.087,0.0,0.13,1,0,0,0,0,0,0,0.0008,0.5519,0.1056,0.0003,0.2291,0.0002,0.9993,0.9952,0.0936,0.8298,0.0245,0.0357,0.0004,0.069,o3-mini
38,27,165,3,4.7,9.0,0,0,0,9.109000000000002,0.926,0.316,0.053,0.053,0.0,0.026,2,0,0,1,1,0,0,0.0013,0.9904,0.0007,0.2968,0.5412,0.0044,0.9115,0.0005,0.0026,0.0123,0.0822,0.0072,0.9875,0.0389,gemini-flash
14,12,82,1,5.83,12.0,0,0,0,12.690000000000001,1.0,0.308,0.077,0.231,0.0,0.0,0,0,0,0,0,0,0,0.0001,0.0192,0.0002,0.0011,0.0002,0.0001,0.0019,0.0,0.0002,0.0001,0.6503,0.0001,0.0001,0.0001,o3-mini
11,7,45,1,4.86,7.0,1,0,0,5.682857142857145,1.0,0.0,0.083,0.0,0.0,0.083,1,0,0,0,0,0,0,0.9936,0.4168,0.0006,0.9779,0.0674,0.0119,0.0003,0.0001,0.1755,0.0078,0.0029,0.1011,0.0047,0.0166,gemini-flash
18,13,80,1,5.15,13.0,0,0,0,12.690000000000001,1.0,0.333,0.067,0.133,0.0,0.0,1,0,0,0,0,0,0,0.0001,0.6049,0.0004,0.0004,0.0001,0.9991,0.0005,0.0001,0.7075,0.6945,0.0004,0.0002,0.0001,0.0001,gpt-4o
14,13,81,1,5.23,13.0,0,0,1,12.172307692307694,0.923,0.214,0.214,0.0,0.071,0.071,0,0,0,0,0,0,0,0.0016,0.6587,0.0097,0.0011,0.5242,0.0004,0.9991,0.9971,0.2157,0.9712,0.1152,0.0153,0.0824,0.8181,gemini-flash
25,16,88,1,4.06,16.0,0,0,1,9.255714285714287,0.875,0.174,0.13,0.0,0.0,0.087,1,0,0,0,0,0,1,0.0005,0.7216,0.0001,0.0008,0.9979,0.8595,0.0428,0.5694,0.0038,0.0035,0.0001,0.0001,0.0002,0.1979,gemini-flash
21,18,69,1,2.72,18.0,1,0,0,5.196666666666669,0.611,0.095,0.048,0.0,0.0,0.19,0,0,0,0,0,0,0,0.0795,0.3642,0.0611,0.939,0.1074,0.1374,0.0873,0.2554,0.1071,0.4036,0.0124,0.0985,0.185,0.0827,o3-mini
10,7,41,1,4.57,7.0,0,0,0,3.997142857142858,1.0,0.0,0.2,0.0,0.0,0.4,2,0,0,1,0,0,0,0.9952,0.1148,0.4286,0.4952,0.0004,0.1532,0.0106,0.013,0.6007,0.5176,0.2084,0.1176,0.0781,0.0433,o3-mini
25,20,119,1,4.85,20.0,0,0,0,11.68,0.9,0.261,0.217,0.043,0.0,0.0,1,0,0,0,1,0,0,0.0001,0.9652,0.0,0.0024,0.0023,0.6362,0.0009,0.0014,0.9449,0.0004,0.2759,0.0003,0.0001,0.5144,gpt-4o
15,13,97,1,6.38,13.0,0,0,0,14.895384615384618,0.923,0.133,0.133,0.267,0.0,0.133,2,0,0,0,0,0,0,0.9945,0.013,0.0002,0.0013,0.0016,0.001,0.0021,0.0002,0.0084,0.0001,0.4925,0.0002,0.0001,0.0002,gpt-4o
24,20,120,1,4.95,20.0,0,0,0,15.220000000000002,0.9,0.318,0.091,0.136,0.0,0.0,0,0,0,0,0,0,0,0.0017,0.9979,0.0009,0.0133,0.0003,0.9993,0.0007,0.0002,0.0007,0.9981,0.003,0.0006,0.9985,0.0001,gpt-4o
12,10,62,1,5.2,10.0,0,0,0,8.370000000000001,1.0,0.455,0.0,0.091,0.0,0.182,1,0,1,0,0,0,0,0.0005,0.2058,0.0342,0.0004,0.2893,0.0004,0.8489,0.0145,0.8291,0.5656,0.1864,0.0033,0.0096,0.0206,gemini-flash
27,21,103,1,3.71,21.0,0,0,0,8.474444444444444,0.857,0.25,0.036,0.0,0.0,0.143,1,0,0,1,0,0,0,0.0003,0.9929,0.0,0.0005,0.9994,0.0007,0.7521,0.0021,0.046,0.0002,0.0895,0.0002,0.0003,0.0243,gemini-flash
17,15,97,1,5.4,15.0,0,0,0,11.500000000000004,0.933,0.235,0.176,0.176,0.059,0.0,0,0,0,0,0,0,0,0.0222,0.8953,0.0013,0.0045,0.0064,0.0004,0.0001,0.0748,0.0382,0.2343,0.1125,0.0475,0.0693,0.0819,gpt-4o
12,11,73,1,5.64,11.0,0,0,0,10.154545454545456,0.909,0.25,0.167,0.25,0.0,0.0,0,0,0,0,0,0,0,0.0002,0.0004,0.3309,0.1388,0.0002,0.6685,0.0014,0.1407,0.0009,0.0648,0.0015,0.9112,0.0005,0.0084,o3-mini
12,10,65,1,5.5,10.0,0,0,0,14.270000000000007,0.9,0.273,0.091,0.182,0.0,0.091,0,0,0,0,0,0,0,0.0003,0.9871,0.0001,0.002,0.0002,0.0006,0.0001,0.0024,0.9692,0.0009,0.0009,0.8331,0.0002,0.0002,gpt-4o
18,13,82,1,5.15,13.0,0,0,0,14.656666666666666,1.0,0.353,0.118,0.059,0.0,0.0,0,0,0,0,0,0,0,0.0123,0.4112,0.0,0.4661,0.0001,0.0037,0.0001,0.0001,0.0048,0.0001,0.1522,0.0036,0.0001,0.1787,gemini-flash
18,16,96,1,5.0,16.0,0,0,0,13.5125,0.812,0.294,0.118,0.176,0.0,0.0,0,0,0,0,0,0,0,0.0011,0.9911,0.9997,0.3252,0.9364,0.0135,0.0012,0.0002,0.9941,0.0204,0.0047,0.0009,0.0004,0.0004,gpt-4o
20,15,108,1,6.07,15.0,0,0,0,13.860000000000003,1.0,0.333,0.111,0.111,0.0,0.0,0,0,0,0,0,0,0,0.0012,0.1219,0.0006,0.9361,0.0004,0.0017,0.0001,0.0034,0.5031,0.9958,0.0315,0.97,0.0003,0.0001,gemini-flash
20,16,118,1,6.31,16.0,0,0,0,14.250000000000004,0.938,0.278,0.167,0.167,0.0,0.0,0,0,0,0,0,0,0,0.0001,0.9926,0.0001,0.0069,0.0,0.9994,0.0007,0.0,0.0003,0.0001,0.8246,0.0002,0.0001,0.0003,gpt-4o
22,17,118,1,5.71,17.0,0,0,0,15.334117647058822,0.941,0.409,0.045,0.091,0.0,0.0,0,0,0,0,0,0,0,0.0001,0.7052,0.0,0.0003,0.0001,0.0002,0.0005,0.9429,0.0087,0.003,0.1468,0.0008,0.0006,0.6822,gemini-flash
9,8,58,1,6.25,8.0,0,0,0,15.555000000000003,1.0,0.333,0.222,0.111,0.0,0.0,0,0,0,0,0,0,0,0.0006,0.2388,0.0053,0.0028,0.0002,0.0608,0.0097,0.0005,0.6909,0.0002,0.2682,0.0065,0.0001,0.0002,gemini-flash
21,19,112,1,4.89,19.0,0,0,0,13.718888888888891,0.947,0.286,0.238,0.095,0.0,0.0,0,0,0,0,0,0,0,0.0396,0.8885,0.0001,0.0009,0.8352,0.0187,0.0041,0.328,0.1933,0.4181,0.001,0.0478,0.0236,0.1029,gemini-flash
19,17,107,1,5.24,17.0,0,0,0,11.169411764705881,0.882,0.263,0.158,0.211,0.0,0.0,0,0,0,0,0,0,0,0.002,0.1212,0.9786,0.074,0.0026,0.5626,0.0086,0.0001,0.9944,0.989,0.1119,0.0337,0.9926,0.0001,o3-mini
17,16,103,1,5.44,16.0,0,0,0,13.5125,0.875,0.294,0.059,0.235,0.0,0.0,1,0,0,1,0,0,0,0.0001,0.999,0.0002,0.018,0.0004,0.0002,0.0013,0.0001,0.0025,0.0002,0.1853,0.0001,0.0001,0.5615,gpt-4o
20,16,109,1,5.75,16.0,0,0,0,12.775000000000002,0.875,0.333,0.111,0.111,0.0,0.056,0,0,0,0,0,0,0,0.0027,0.9977,0.0007,0.0032,0.0002,0.9993,0.0002,0.0001,0.0001,0.9419,0.0031,0.0001,0.0001,0.0001,gpt-4o
18,14,117,1,7.36,14.0,0,0,0,20.212857142857143,1.0,0.333,0.067,0.2,0.0,0.0,0,0,0,0,0,0,0,0.0013,0.9973,0.0001,0.1885,0.0003,0.0001,0.0002,0.0002,0.0349,0.9792,0.0125,0.0003,0.0002,0.0001,gpt-4o
16,13,91,1,6.0,13.0,0,0,1,13.98769230769231,1.0,0.214,0.143,0.0,0.071,0.214,0,0,0,0,0,0,0,0.0165,0.4555,0.0021,0.0148,0.4517,0.2118,0.9988,0.9969,0.0997,0.7477,0.1906,0.0034,0.3558,0.8967,o3-mini
24,17,119,1,5.82,17.0,0,0,0,11.784285714285716,0.941,0.261,0.087,0.0,0.0,0.087,2,0,1,0,0,0,0,0.0004,0.7634,0.0,0.0001,0.9996,0.002,0.0453,0.0001,0.0618,0.0002,0.0001,0.0001,0.0001,0.0002,gemini-flash
51,25,166,2,5.04,12.5,1,0,0,5.805,0.76,0.073,0.073,0.024,0.024,0.122,3,0,1,0,0,0,0,0.1152,0.4013,0.0031,0.9111,0.0697,0.009,0.0288,0.1136,0.2685,0.2441,0.0232,0.1144,0.1441,0.0768,gpt-4o
23,21,126,1,5.0,21.0,0,0,0,12.26666666666667,0.905,0.273,0.182,0.045,0.045,0.0,0,0,0,0,0,0,0,0.0023,0.7828,0.9978,0.0229,0.0738,0.9987,0.003,0.0001,0.987,0.9934,0.0027,0.0012,0.0005,0.0001,gpt-4o
26,23,142,1,5.13,23.0,0,0,0,12.875652173913043,0.913,0.36,0.12,0.12,0.0,0.0,1,0,0,0,1,0,0,0.0003,0.9981,0.0,0.1248,0.0035,0.0302,0.0023,0.0062,0.0,0.0001,0.135,0.0001,0.0,0.5484,gpt-4o
19,16,118,1,6.31,16.0,1,0,0,14.250000000000004,1.0,0.389,0.111,0.056,0.0,0.0,1,0,0,0,0,0,0,0.0005,0.269,0.0001,0.9974,0.0004,0.0786,0.0002,0.0006,0.0036,0.365,0.0135,0.0009,0.8194,0.0001,gemini-flash
14,13,72,1,4.54,13.0,1,0,0,6.726153846153846,0.846,0.143,0.071,0.071,0.071,0.071,1,0,0,0,0,0,0,0.0022,0.7551,0.0002,0.9971,0.0001,0.8736,0.0014,0.0001,0.0003,0.0001,0.0022,0.0003,0.0002,0.0108,gemini-flash
30,25,159,1,5.28,25.0,0,0,0,14.928,0.84,0.25,0.107,0.143,0.0,0.0,0,0,0,0,0,0,0,0.0131,0.6566,0.0001,0.1367,0.0004,0.002,0.0004,0.0102,0.0349,0.0001,0.2308,0.0031,0.0887,0.2513,gpt-4o
20,18,119,1,5.56,18.0,0,0,0,15.685555555555556,1.0,0.4,0.15,0.05,0.0,0.0,0,0,0,0,0,0,0,0.0005,0.0144,0.0003,0.1857,0.0006,0.002,0.0001,0.0004,0.0004,0.9885,0.0078,0.9832,0.0008,0.0004,gemini-flash
22,17,128,1,6.41,17.0,0,0,0,14.64,0.941,0.15,0.15,0.1,0.05,0.15,3,0,1,0,0,0,0,0.9985,0.1255,0.0002,0.0044,0.0001,0.1798,0.0002,0.0001,0.0001,0.0002,0.0687,0.0033,0.0003,0.0001,gemini-flash
34,30,160,1,4.27,30.0,0,0,0,11.843333333333337,0.767,0.273,0.121,0.061,0.0,0.03,2,0,0,1,0,0,0,0.0001,0.9845,0.0001,0.1222,0.4728,0.0179,0.9937,0.1162,0.4213,0.1477,0.2142,0.6342,0.005,0.0038,o3-mini
23,19,132,1,5.89,19.0,0,0,0,17.28315789473685,0.947,0.333,0.143,0.095,0.0,0.048,1,0,0,0,0,0,0,0.0004,0.1966,0.0,0.0907,0.0015,0.9987,0.0002,0.0003,0.9847,0.6589,0.3295,0.0002,0.9248,0.0001,gpt-4o
20,18,134,1,6.39,18.0,0,0,0,15.334117647058822,1.0,0.286,0.095,0.238,0.0,0.0,1,0,0,0,0,0,0,0.0009,0.0007,0.9625,0.0001,0.0001,0.0005,0.0004,0.0,0.0008,0.5859,0.0004,0.0003,0.0002,0.0,gemini-flash
29,25,154,1,5.12,25.0,0,0,0,15.440869565217394,0.88,0.31,0.069,0.138,0.0,0.0,0,0,0,0,0,0,0,0.011,0.9969,0.0005,0.0008,0.0006,0.0009,0.0003,0.003,0.1212,0.0049,0.0378,0.0095,0.0403,0.07,gpt-4o
48,29,143,1,3.62,29.0,0,0,0,10.434615384615388,0.931,0.103,0.103,0.0,0.0,0.154,0,0,0,0,0,0,0,0.0006,0.2986,0.0,0.0036,0.9676,0.0005,0.0025,0.0005,0.1943,0.0159,0.0001,0.0001,0.0008,0.0434,o3-mini
26,21,153,1,6.24,21.0,0,0,0,18.76,0.905,0.208,0.125,0.375,0.0,0.0,0,0,0,0,0,0,0,0.0001,0.8035,0.0,0.0005,0.0001,0.0019,0.0033,0.0,0.0133,0.0001,0.6832,0.0001,0.0,0.1499,gpt-4o
28,25,169,1,5.72,25.0,0,0,0,17.76,0.88,0.333,0.148,0.111,0.037,0.0,1,0,0,0,0,0,0,0.0001,0.995,0.0,0.0006,0.0001,0.9683,0.0002,0.0,0.9723,0.0018,0.0117,0.0025,0.0091,0.011,gpt-4o
46,27,178,1,5.37,27.0,0,0,0,14.973076923076924,0.926,0.171,0.171,0.0,0.029,0.114,2,0,0,0,0,0,0,0.0022,0.6229,0.0056,0.0588,0.0403,0.0003,0.0005,0.9932,0.0527,0.5157,0.0594,0.0675,0.0046,0.0058,gpt-4o
26,22,117,1,4.23,22.0,1,0,0,11.762727272727272,0.864,0.24,0.0,0.16,0.0,0.0,0,0,0,0,0,0,0,0.0353,0.5927,0.0001,0.9977,0.0009,0.0007,0.0001,0.0007,0.0087,0.9942,0.0399,0.0006,0.004,0.0001,gemini-flash
29,23,149,1,5.39,23.0,0,0,0,14.927826086956525,0.913,0.231,0.154,0.077,0.038,0.0,1,0,0,0,1,0,0,0.0007,0.0123,0.9979,0.0049,0.0002,0.0175,0.0003,0.0,0.0001,0.0,0.0003,0.0026,0.0001,0.0002,gemini-flash
31,22,168,1,6.36,22.0,0,0,0,18.76,0.864,0.29,0.065,0.161,0.0,0.0,0,0,0,0,0,0,0,0.0003,0.0253,0.0019,0.286,0.0003,0.0002,0.0003,0.0001,0.5909,0.9802,0.0474,0.5541,0.0003,0.0001,o3-mini
36,30,171,1,4.6,30.0,0,0,0,13.416666666666668,0.833,0.265,0.176,0.059,0.0,0.029,2,0,1,0,0,0,0,0.0002,0.2126,0.0001,0.0006,0.5715,0.0015,0.9938,0.0127,0.2376,0.017,0.1511,0.0112,0.0319,0.1105,o3-mini
16,8,53,1,5.12,8.0,0,0,0,6.705000000000002,1.0,0.154,0.077,0.0,0.0,0.231,2,0,1,0,0,0,0,0.9954,0.276,0.1215,0.1601,0.0011,0.1801,0.0119,0.0035,0.2833,0.1655,0.1065,0.0659,0.0011,0.0661,gemini-flash
17,13,64,1,3.92,13.0,0,0,0,4.003076923076925,1.0,0.143,0.071,0.143,0.0,0.214,2,0,0,0,0,0,0,0.0001,0.9402,0.0007,0.0008,0.0001,0.9988,0.0002,0.0,0.0001,0.0001,0.0007,0.0001,0.0001,0.0001,o3-mini
14,11,70,1,5.36,11.0,1,0,0,12.3,0.909,0.25,0.0,0.083,0.0,0.083,1,0,0,1,0,0,0,0.0002,0.5343,0.0001,0.9961,0.0005,0.0004,0.0,0.0018,0.0009,0.1755,0.0007,0.0003,0.0028,0.0003,gemini-flash
16,14,81,1,4.71,14.0,0,0,1,6.726153846153846,0.786,0.294,0.235,0.059,0.0,0.0,0,0,0,0,0,0,0,0.0092,0.3502,0.2038,0.001,0.6864,0.0275,0.9992,0.0009,0.6584,0.0801,0.5023,0.033,0.0003,0.0317,gpt-4o
17,16,66,1,3.44,16.0,0,0,0,6.010000000000002,0.875,0.167,0.056,0.0,0.0,0.167,1,0,0,1,0,0,0,0.0009,0.0154,0.0045,0.71,0.9145,0.4623,0.2286,0.0004,0.0368,0.0009,0.0001,0.0003,0.0002,0.0051,gemini-flash
21,18,96,2,4.22,9.0,1,0,0,5.6200000000000045,0.667,0.333,0.048,0.0,0.0,0.0,0,0,0,0,0,0,0,0.0904,0.7786,0.0186,0.9979,0.0005,0.0163,0.0013,0.0845,0.0001,0.8545,0.0866,0.1488,0.0677,0.0087,o3-mini
14,11,58,1,4.27,11.0,0,0,0,5.863636363636363,0.909,0.333,0.083,0.083,0.0,0.0,0,0,0,0,0,0,0,0.0036,0.0004,0.9965,0.0002,0.0001,0.6682,0.0001,0.0001,0.0011,0.0051,0.0291,0.0002,0.0007,0.0001,gemini-flash
24,21,144,1,5.81,21.0,0,0,0,15.638095238095236,0.952,0.261,0.13,0.174,0.0,0.0,1,0,0,0,1,0,0,0.0002,0.9977,0.0,0.0422,0.0002,0.6187,0.0002,0.1694,0.101,0.0003,0.2351,0.0002,0.0001,0.9417,gpt-4o
11,8,51,1,5.38,8.0,0,0,0,8.180000000000003,1.0,0.333,0.111,0.0,0.111,0.0,0,0,0,0,0,0,0,0.4462,0.0024,0.0173,0.526,0.0001,0.0002,0.0001,0.0001,0.0917,0.9807,0.0119,0.2148,0.0357,0.0,o3-mini
19,17,108,1,5.29,17.0,0,0,0,11.863529411764706,0.941,0.158,0.105,0.211,0.0,0.105,2,0,0,0,0,0,0,0.9989,0.6485,0.0001,0.0935,0.0006,0.0452,0.011,0.0,0.1047,0.2325,0.2919,0.0007,0.8501,0.0001,gpt-4o
17,14,82,1,4.86,14.0,0,0,0,10.941428571428574,1.0,0.4,0.067,0.133,0.0,0.0,0,0,0,0,0,0,0,0.0001,0.8943,0.0002,0.0075,0.0001,0.9986,0.0006,0.0001,0.4557,0.263,0.0054,0.0001,0.0001,0.0001,gemini-flash
22,15,99,1,5.4,15.0,0,0,0,9.89714285714286,0.933,0.3,0.1,0.1,0.05,0.05,0,0,0,0,0,0,0,0.0003,0.6006,0.0001,0.0003,0.004,0.0001,0.9596,0.0017,0.8142,0.7532,0.0842,0.0016,0.0003,0.0006,gpt-4o
14,13,77,1,4.92,13.0,1,0,0,8.541538461538462,0.923,0.143,0.071,0.071,0.0,0.143,1,0,0,0,0,0,0,0.001,0.1256,0.0018,0.9947,0.0003,0.0185,0.0038,0.0613,0.5472,0.6535,0.2026,0.0009,0.0016,0.0006,gemini-flash
19,18,113,1,5.28,18.0,0,0,0,11.752222222222223,0.889,0.263,0.105,0.158,0.0,0.053,2,0,0,0,0,0,0,0.0008,0.1576,0.9528,0.0022,0.0001,0.0123,0.0018,0.0002,0.9993,0.9799,0.2035,0.0099,0.0007,0.0011,gpt-4o
14,12,71,1,4.92,12.0,0,0,0,9.740000000000002,1.0,0.231,0.077,0.154,0.0,0.154,1,0,0,1,0,0,0,0.0002,0.9983,0.0,0.1534,0.0004,0.8168,0.0002,0.0,0.0001,0.0001,0.1945,0.0001,0.0001,0.0001,gpt-4o
21,16,111,2,5.75,8.0,0,0,0,10.392500000000002,0.938,0.3,0.15,0.2,0.0,0.0,0,0,0,0,0,0,0,0.3099,0.2672,0.0002,0.5558,0.8569,0.1635,0.1577,0.0,0.0012,0.0763,0.2662,0.0004,0.9928,0.0002,gemini-flash
25,20,112,1,4.4,20.0,0,0,0,10.500000000000004,1.0,0.16,0.08,0.16,0.0,0.0,0,0,0,0,0,0,0,0.0011,0.7273,0.0001,0.0047,0.3528,0.0053,0.0068,0.0008,0.8866,0.0003,0.0006,0.0002,0.0001,0.721,o3-mini
16,11,79,1,6.09,11.0,0,0,0,15.518181818181823,0.909,0.154,0.154,0.231,0.0,0.077,1,0,0,1,0,0,0,0.0005,0.3548,0.0222,0.0013,0.0001,0.0844,0.002,0.3014,0.0001,0.1124,0.0004,0.6197,0.0002,0.0102,gemini-flash
18,15,120,1,6.93,15.0,0,0,0,20.94,1.0,0.294,0.235,0.059,0.0,0.0,0,0,0,0,0,0,0,0.0001,0.9971,0.0,0.0162,0.0003,0.0497,0.0008,0.2141,0.9981,0.0005,0.1036,0.0002,0.0001,0.9602,gpt-4o
15,11,82,1,6.45,11.0,0,0,0,16.63,1.0,0.385,0.077,0.154,0.0,0.154,1,0,0,0,0,0,0,0.001,0.7714,0.0001,0.0011,0.9987,0.0006,0.9722,0.0002,0.993,0.0005,0.0002,0.0006,0.0002,0.0357,gpt-4o
18,16,80,1,4.0,16.0,1,0,0,6.8750000000000036,1.0,0.118,0.059,0.059,0.0,0.0,1,0,0,0,0,0,0,0.0009,0.4012,0.0002,0.9921,0.0569,0.0014,0.0004,0.9954,0.2743,0.3564,0.0163,0.0554,0.0039,0.5184,o3-mini
15,11,91,1,7.18,11.0,0,0,1,15.518181818181823,1.0,0.231,0.154,0.231,0.0,0.077,2,0,0,0,0,0,0,0.9984,0.9966,0.823,0.3476,0.0027,0.1129,0.0359,0.0003,0.8859,0.4069,0.2919,0.2904,0.0274,0.0105,gpt-4o
26,20,116,1,4.8,20.0,0,0,0,11.68,0.85,0.143,0.19,0.095,0.0,0.19,1,0,0,0,0,0,0,0.0004,0.5776,0.0349,0.0011,0.1792,0.0003,0.9983,0.9941,0.6531,0.9654,0.0572,0.0012,0.0003,0.0081,gemini-flash
14,12,97,1,7.08,12.0,0,0,0,19.80909090909091,1.0,0.286,0.214,0.143,0.0,0.0,0,0,0,0,0,0,0,0.0002,0.9986,0.0001,0.0917,0.0005,0.0002,0.0719,0.0001,0.0003,0.0291,0.0014,0.0002,0.6179,0.0001,gpt-4o
19,17,109,1,5.47,17.0,0,0,0,12.775000000000002,1.0,0.222,0.167,0.111,0.0,0.111,2,0,1,0,0,0,0,0.0003,0.9491,0.0001,0.0014,0.9993,0.0001,0.185,0.9922,0.8855,0.9579,0.0017,0.0001,0.001,0.9207,gemini-flash
19,15,84,1,4.6,15.0,0,0,0,6.780000000000001,0.933,0.312,0.062,0.125,0.0,0.062,1,0,0,0,0,0,0,0.0263,0.9966,0.0973,0.0344,0.0004,0.9994,0.0023,0.0001,0.0001,0.9963,0.0023,0.0002,0.0001,0.0001,gpt-4o
15,11,70,1,5.36,11.0,0,0,0,8.009090909090911,1.0,0.333,0.083,0.167,0.0,0.0,0,0,0,0,0,0,0,0.0045,0.2119,0.0006,0.5783,0.0004,0.0005,0.0001,0.0005,0.9814,0.9926,0.0097,0.7529,0.0009,0.0001,gpt-4o
29,19,146,1,6.47,19.0,0,0,1,13.251764705882355,0.947,0.125,0.208,0.0,0.042,0.083,2,0,1,1,0,0,0,0.0004,0.8988,0.0001,0.0002,0.9991,0.0002,0.1996,0.0002,0.0286,0.0001,0.0984,0.0001,0.0001,0.0001,o3-mini
20,18,110,1,5.06,18.0,0,0,0,11.752222222222223,0.889,0.2,0.1,0.25,0.0,0.05,1,0,0,1,0,0,0,0.0001,0.0648,0.3891,0.0669,0.0001,0.5294,0.0181,0.0003,0.9986,0.909,0.1592,0.5866,0.0002,0.2083,gpt-4o
23,20,136,1,5.75,20.0,0,0,0,17.580000000000002,0.95,0.273,0.136,0.227,0.0,0.0,0,0,0,0,0,0,0,0.0005,0.9971,0.0,0.0486,0.0002,0.0289,0.0001,0.0005,0.0082,0.0002,0.0418,0.0593,0.0,0.2063,gpt-4o
19,15,63,1,3.13,15.0,1,0,0,5.993333333333336,0.933,0.176,0.118,0.0,0.059,0.0,2,0,0,0,0,0,0,0.0134,0.5792,0.0001,0.999,0.3389,0.042,0.0009,0.3534,0.812,0.0969,0.2489,0.0165,0.0005,0.0148,o3-mini
16,14,103,1,6.36,14.0,0,0,0,16.84142857142857,1.0,0.333,0.133,0.067,0.067,0.067,0,0,0,0,0,0,0,0.0346,0.303,0.0002,0.5964,0.0004,0.0461,0.0014,0.0,0.0116,0.0001,0.0034,0.134,0.0001,0.0027,gpt-4o
18,15,91,1,5.07,15.0,0,0,0,8.353333333333339,0.933,0.312,0.062,0.125,0.062,0.125,0,0,0,0,0,0,0,0.0011,0.1599,0.0002,0.0046,0.2966,0.0036,0.009,0.0282,0.9274,0.0011,0.0001,0.1206,0.0003,0.0614,gpt-4o
